<?xml version="1.0" encoding="UTF-8"?>
<SoftwareLegalInformation>
  <OutputDateTime>2022-04-13T11:50:00.983Z</OutputDateTime>
  <CopyrightNotations>
    <TechnologyName>Unity</TechnologyName>
    <TechnologyName>NintendoSDK_libcurl</TechnologyName>
    <TechnologyName>NintendoSDK_movie</TechnologyName>
    <TechnologyName>NintendoSDK_gRPC_For_NPLN</TechnologyName>
    <TechnologyName>NintendoSDK_OpenSSL_For_NPLN</TechnologyName>
    <TechnologyName>NintendoSDK_Google_APIs_For_NPLN</TechnologyName>
  </CopyrightNotations>
  <DeclarationRequiredNotations>
    <TechnologyName>Unity</TechnologyName>
    <TechnologyName>NintendoWare Bezel Engine</TechnologyName>
    <TechnologyName>NintendoWare_Bezel_Engine</TechnologyName>
    <TechnologyName>NintendoWare_Bezel_Engine</TechnologyName>
    <TechnologyName>NintendoSDK_libcurl</TechnologyName>
    <TechnologyName>NintendoSDK_movie</TechnologyName>
    <TechnologyName>NEX</TechnologyName>
    <TechnologyName>NEX</TechnologyName>
    <TechnologyName>nlib_LZ4</TechnologyName>
    <TechnologyName>nlib_bsdiff</TechnologyName>
    <TechnologyName>glew</TechnologyName>
    <TechnologyName>Capstone</TechnologyName>
    <TechnologyName>Breakpad</TechnologyName>
    <TechnologyName>NintendoSDK_Vulkan</TechnologyName>
    <TechnologyName>Wslay</TechnologyName>
    <TechnologyName>SkiaGraphicsLibrary</TechnologyName>
    <TechnologyName>NintendoSDK_gRPC_For_NPLN</TechnologyName>
    <TechnologyName>NintendoSDK_OpenSSL_For_NPLN</TechnologyName>
    <TechnologyName>NintendoSDK_WebRTC_For_NPLN</TechnologyName>
    <TechnologyName>NintendoSDK_OpenSSL_For_NintendoSDK</TechnologyName>
    <TechnologyName>NintendoSDK_Google_APIs_For_NPLN</TechnologyName>
    <TechnologyName>NintendoSDK_ngtcp2_For_NPLN</TechnologyName>
  </DeclarationRequiredNotations>
  <ProductRegions>
    <Usa>true</Usa>
    <Japan>false</Japan>
    <Europe>true</Europe>
    <Asia>false</Asia>
    <China>false</China>
  </ProductRegions>
  <FormatVersion>2.0.0</FormatVersion>
  <ApplicationId>0x01007e3018012000</ApplicationId>
  <DataHash>c0b727227eea2fecb24fbabf3c767004</DataHash>
</SoftwareLegalInformation>
